"Table","Number of Records"
"acquisition_sample","5878"
"agricultural_acquisition","810"
"branded_food","294237"
"food","328543"
"food_attribute","96844"
"food_attribute_type","5"
"food_calorie_conversion_factor","4770"
"food_category","28"
"food_component","3027"
"food_nutrient","5291190"
"food_nutrient_conversion_factor","10928"
"food_nutrient_derivation","64"
"food_nutrient_source","10"
"food_portion","63777"
"food_protein_conversion_factor","6158"
"food_update_log_entry","365615"
"foundation_food","103"
"input_food","32938"
"lab_method","260"
"lab_method_code","291"
"lab_method_nutrient","1003"
"market_acquisition","5112"
"measure_unit","120"
"nutrient","232"
"nutrient_incoming_name","723"
"retention_factor","270"
"sample_food","1621"
"sr_legacy_food","7793"
"sub_sample_food","10331"
"sub_sample_result","66495"
"survey_fndds_food","8536"
"wweia_food_category","153"
